Model,Accuracy,Precision,Recall,F1 Score,ROC-AUC
Logistic Regression,0.7256574271499645,0.4901315789473684,0.7967914438502673,0.6069246435845214,0.8351344145860403
Random Forest,0.759772565742715,0.5348837209302325,0.7379679144385026,0.6202247191011236,0.8302397875457497
Decision Tree,0.7334754797441365,0.4991596638655462,0.7941176470588235,0.6130030959752322,0.8275672849444276
